Workbook

Sheet Dataset
A1: Patient_ID | B1: Patient_Ids | C1: Age | D1: Age_Risk_Category | E1: Gender | F1: Patient_Code | G1: Chest_Pain_Type | H1: Length_Chest_Pain | I1: Resting_BP | J1: BP_Status | K1: Cholesterol | L1: Fasting_Blood_Sugar | M1: Sugar_Risk_Level | N1: Resting_ECG | O1: Max_Heart_Rate | P1: Exercise_Induced_Angina | Q1: Heart_Disease | R1: Risk_Level | S1: Risk_Score
A2: P1000 | B2: =RIGHT(Table1[[#This Row],[Patient_ID]],4) -> 1000 | C2: 67 | D2: =VLOOKUP(Table1[[#This Row],[Age]],'Lookup & Reference'!$G$2:$H$5,2,1) -> High | E2: Female | F2: =_xlfn.CONCAT(LEFT(Table1[[#This Row],[Gender]],1),Table1[[#This Row],[Age]]) -> F67 | G2: Non-anginal | H2: =LEN(Table1[[#This Row],[Chest_Pain_Type]]) -> 11 | I2: 108 | J2: {=_xlfn.IFS(OR(Table1[[#This Row],[Resting_BP]]>140,Table1[[#This Row],[Resting_BP]]=140),"High BP",OR(Table1[[#This Row],[Resting_BP]]>120,Table1[[#This Row],[Resting_BP]]=139),"Pre-High BP",Table1[[#This Row],[Resting_BP]],"Normal")} -> Normal | K2: 145 | L2: No | M2: =IF(Table1[[#This Row],[Fasting_Blood_Sugar]]="Yes","Diabetic Risk","Normal") -> Normal | N2: Normal | O2: 202 | P2: No | Q2: Yes | R2: {=_xlfn.IFS(AND(Table1[[#This Row],[Age]]>=60,Table1[[#This Row],[Heart_Disease]]="Yes"),"High Risk",AND(Table1[[#This Row],[Age]]>=45,Table1[[#This Row],[Age]]<=59,Table1[[#This Row],[Heart_Disease]]="Yes"),"Medium Risk",OR(Table1[[#This Row],[Age]]<45,Table1[[#This Row],[Heart_Disease]]<>"Yes"),"No Risk")} -> High Risk | S2: =IFERROR(Table1[[#This Row],[Cholesterol]]/Table1[[#This Row],[Max_Heart_Rate]],"") -> 0.71782178
A3: P1001 | B3: =RIGHT(Table1[[#This Row],[Patient_ID]],4) -> 1001 | C3: 44 | D3: =VLOOKUP(Table1[[#This Row],[Age]],'Lookup & Reference'!$G$2:$H$5,2,1) -> Low | E3: Male | F3: =_xlfn.CONCAT(LEFT(Table1[[#This Row],[Gender]],1),Table1[[#This Row],[Age]]) -> M44 | G3: Typical Angina | H3: =LEN(Table1[[#This Row],[Chest_Pain_Type]]) -> 14 | I3: 140 | J3: {=_xlfn.IFS(OR(Table1[[#This Row],[Resting_BP]]>140,Table1[[#This Row],[Resting_BP]]=140),"High BP",OR(Table1[[#This Row],[Resting_BP]]>120,Table1[[#This Row],[Resting_BP]]=139),"Pre-High BP",Table1[[#This Row],[Resting_BP]],"Normal")} -> High BP | K3: 127 | L3: Yes | M3: =IF(Table1[[#This Row],[Fasting_Blood_Sugar]]="Yes","Diabetic Risk","Normal") -> Diabetic Risk | N3: ST-T Abnormality | O3: 127 | P3: Yes | Q3: Yes | R3: {=_xlfn.IFS(AND(Table1[[#This Row],[Age]]>=60,Table1[[#This Row],[Heart_Disease]]="Yes"),"High Risk",AND(Table1[[#This Row],[Age]]>=45,Table1[[#This Row],[Age]]<=59,Table1[[#This Row],[Heart_Disease]]="Yes"),"Medium Risk",OR(Table1[[#This Row],[Age]]<45,Table1[[#This Row],[Heart_Disease]]<>"Yes"),"No Risk")} -> No Risk | S3: =IFERROR(Table1[[#This Row],[Cholesterol]]/Table1[[#This Row],[Max_Heart_Rate]],"") -> 1
A4: P1002 | B4: =RIGHT(Table1[[#This Row],[Patient_ID]],4) -> 1002 | C4: 43 | D4: =VLOOKUP(Table1[[#This Row],[Age]],'Lookup & Reference'!$G$2:$H$5,2,1) -> Low | E4: Female | F4: =_xlfn.CONCAT(LEFT(Table1[[#This Row],[Gender]],1),Table1[[#This Row],[Age]]) -> F43 | G4: Atypical Angina | H4: =LEN(Table1[[#This Row],[Chest_Pain_Type]]) -> 15 | I4: 148 | J4: {=_xlfn.IFS(OR(Table1[[#This Row],[Resting_BP]]>140,Table1[[#This Row],[Resting_BP]]=140),"High BP",OR(Table1[[#This Row],[Resting_BP]]>120,Table1[[#This Row],[Resting_BP]]=139),"Pre-High BP",Table1[[#This Row],[Resting_BP]],"Normal")} -> High BP | K4: 219 | L4: Yes | M4: =IF(Table1[[#This Row],[Fasting_Blood_Sugar]]="Yes","Diabetic Risk","Normal") -> Diabetic Risk | N4: ST-T Abnormality | O4: 153 | P4: No | Q4: No | R4: {=_xlfn.IFS(AND(Table1[[#This Row],[Age]]>=60,Table1[[#This Row],[Heart_Disease]]="Yes"),"High Risk",AND(Table1[[#This Row],[Age]]>=45,Table1[[#This Row],[Age]]<=59,Table1[[#This Row],[Heart_Disease]]="Yes"),"Medium Risk",OR(Table1[[#This Row],[Age]]<45,Table1[[#This Row],[Heart_Disease]]<>"Yes"),"No Risk")} -> No Risk | S4: =IFERROR(Table1[[#This Row],[Cholesterol]]/Table1[[#This Row],[Max_Heart_Rate]],"") -> 1.4313725
A5: P1003 | B5: =RIGHT(Table1[[#This Row],[Patient_ID]],4) -> 1003 | C5: 71 | D5: =VLOOKUP(Table1[[#This Row],[Age]],'Lookup & Reference'!$G$2:$H$5,2,1) -> High | E5: Female | F5: =_xlfn.CONCAT(LEFT(Table1[[#This Row],[Gender]],1),Table1[[#This Row],[Age]]) -> F71 | G5: Atypical Angina | H5: =LEN(Table1[[#This Row],[Chest_Pain_Type]]) -> 15 | I5: 120 | J5: {=_xlfn.IFS(OR(Table1[[#This Row],[Resting_BP]]>140,Table1[[#This Row],[Resting_BP]]=140),"High BP",OR(Table1[[#This Row],[Resting_BP]]>120,Table1[[#This Row],[Resting_BP]]=139),"Pre-High BP",Table1[[#This Row],[Resting_BP]],"Normal")} -> Normal | K5: 341 | L5: No | M5: =IF(Table1[[#This Row],[Fasting_Blood_Sugar]]="Yes","Diabetic Risk","Normal") -> Normal | N5: ST-T Abnormality | O5: 158 | P5: Yes | Q5: No | R5: {=_xlfn.IFS(AND(Table1[[#This Row],[Age]]>=60,Table1[[#This Row],[Heart_Disease]]="Yes"),"High Risk",AND(Table1[[#This Row],[Age]]>=45,Table1[[#This Row],[Age]]<=59,Table1[[#This Row],[Heart_Disease]]="Yes"),"Medium Risk",OR(Table1[[#This Row],[Age]]<45,Table1[[#This Row],[Heart_Disease]]<>"Yes"),"No Risk")} -> No Risk | S5: =IFERROR(Table1[[#This Row],[Cholesterol]]/Table1[[#This Row],[Max_Heart_Rate]],"") -> 2.1582278
A6: P1004 | B6: =RIGHT(Table1[[#This Row],[Patient_ID]],4) -> 1004 | C6: 36 | D6: =VLOOKUP(Table1[[#This Row],[Age]],'Lookup & Reference'!$G$2:$H$5,2,1) -> Low | E6: Male | F6: =_xlfn.CONCAT(LEFT(Table1[[#This Row],[Gender]],1),Table1[[#This Row],[Age]]) -> M36 | G6: Asymptomatic | H6: =LEN(Table1[[#This Row],[Chest_Pain_Type]]) -> 12 | I6: 150 | J6: {=_xlfn.IFS(OR(Table1[[#This Row],[Resting_BP]]>140,Table1[[#This Row],[Resting_BP]]=140),"High BP",OR(Table1[[#This Row],[Resting_BP]]>120,Table1[[#This Row],[Resting_BP]]=139),"Pre-High BP",Table1[[#This Row],[Resting_BP]],"Normal")} -> High BP | K6: 206 | L6: Yes | M6: =IF(Table1[[#This Row],[Fasting_Blood_Sugar]]="Yes","Diabetic Risk","Normal") -> Diabetic Risk | N6: ST-T Abnormality | O6: 97 | P6: No | Q6: Yes | R6: {=_xlfn.IFS(AND(Table1[[#This Row],[Age]]>=60,Table1[[#This Row],[Heart_Disease]]="Yes"),"High Risk",AND(Table1[[#This Row],[Age]]>=45,Table1[[#This Row],[Age]]<=59,Table1[[#This Row],[Heart_Disease]]="Yes"),"Medium Risk",OR(Table1[[#This Row],[Age]]<45,Table1[[#This Row],[Heart_Disease]]<>"Yes"),"No Risk")} -> No Risk | S6: =IFERROR(Table1[[#This Row],[Cholesterol]]/Table1[[#This Row],[Max_Heart_Rate]],"") -> 2.1237113
A7: P1005 | B7: =RIGHT(Table1[[#This Row],[Patient_ID]],4) -> 1005 | C7: 49 | D7: =VLOOKUP(Table1[[#This Row],[Age]],'Lookup & Reference'!$G$2:$H$5,2,1) -> Medium | E7: Female | F7: =_xlfn.CONCAT(LEFT(Table1[[#This Row],[Gender]],1),Table1[[#This Row],[Age]]) -> F49 | G7: Atypical Angina | H7: =LEN(Table1[[#This Row],[Chest_Pain_Type]]) -> 15 | I7: 106 | J7: {=_xlfn.IFS(OR(Table1[[#This Row],[Resting_BP]]>140,Table1[[#This Row],[Resting_BP]]=140),"High BP",OR(Table1[[#This Row],[Resting_BP]]>120,Table1[[#This Row],[Resting_BP]]=139),"Pre-High BP",Table1[[#This Row],[Resting_BP]],"Normal")} -> Normal | K7: 161 | L7: No | M7: =IF(Table1[[#This Row],[Fasting_Blood_Sugar]]="Yes","Diabetic Risk","Normal") -> Normal | N7: LV Hypertrophy | O7: 123 | P7: No | Q7: Yes | R7: {=_xlfn.IFS(AND(Table1[[#This Row],[Age]]>=60,Table1[[#This Row],[Heart_Disease]]="Yes"),"High Risk",AND(Table1[[#This Row],[Age]]>=45,Table1[[#This Row],[Age]]<=59,Table1[[#This Row],[Heart_Disease]]="Yes"),"Medium Risk",OR(Table1[[#This Row],[Age]]<45,Table1[[#This Row],[Heart_Disease]]<>"Yes"),"No Risk")} -> Medium Risk | S7: =IFERROR(Table1[[#This Row],[Cholesterol]]/Table1[[#This Row],[Max_Heart_Rate]],"") -> 1.3089431
A8: P1006 | B8: =RIGHT(Table1[[#This Row],[Patient_ID]],4) -> 1006 | C8: 67 | D8: =VLOOKUP(Table1[[#This Row],[Age]],'Lookup & Reference'!$G$2:$H$5,2,1) -> High | E8: Male | F8: =_xlfn.CONCAT(LEFT(Table1[[#This Row],[Gender]],1),Table1[[#This Row],[Age]]) -> M67 | G8: Typical Angina | H8: =LEN(Table1[[#This Row],[Chest_Pain_Type]]) -> 14 | I8: 163 | J8: {=_xlfn.IFS(OR(Table1[[#This Row],[Resting_BP]]>140,Table1[[#This Row],[Resting_BP]]=140),"High BP",OR(Table1[[#This Row],[Resting_BP]]>120,Table1[[#This Row],[Resting_BP]]=139),"Pre-High BP",Table1[[#This Row],[Resting_BP]],"Normal")} -> High BP | K8: 291 | L8: No | M8: =IF(Table1[[#This Row],[Fasting_Blood_Sugar]]="Yes","Diabetic Risk","Normal") -> Normal | N8: LV Hypertrophy | O8: 137 | P8: Yes | Q8: No | R8: {=_xlfn.IFS(AND(Table1[[#This Row],[Age]]>=60,Table1[[#This Row],[Heart_Disease]]="Yes"),"High Risk",AND(Table1[[#This Row],[Age]]>=45,Table1[[#This Row],[Age]]<=59,Table1[[#This Row],[Heart_Disease]]="Yes"),"Medium Risk",OR(Table1[[#This Row],[Age]]<45,Table1[[#This Row],[Heart_Disease]]<>"Yes"),"No Risk")} -> No Risk | S8: =IFERROR(Table1[[#This Row],[Cholesterol]]/Table1[[#This Row],[Max_Heart_Rate]],"") -> 2.1240876
A9: P1007 | B9: =RIGHT(Table1[[#This Row],[Patient_ID]],4) -> 1007 | C9: 47 | D9: =VLOOKUP(Table1[[#This Row],[Age]],'Lookup & Reference'!$G$2:$H$5,2,1) -> Medium | E9: Male | F9: =_xlfn.CONCAT(LEFT(Table1[[#This Row],[Gender]],1),Table1[[#This Row],[Age]]) -> M47 | G9: Atypical Angina | H9: =LEN(Table1[[#This Row],[Chest_Pain_Type]]) -> 15 | I9: 146 | J9: {=_xlfn.IFS(OR(Table1[[#This Row],[Resting_BP]]>140,Table1[[#This Row],[Resting_BP]]=140),"High BP",OR(Table1[[#This Row],[Resting_BP]]>120,Table1[[#This Row],[Resting_BP]]=139),"Pre-High BP",Table1[[#This Row],[Resting_BP]],"Normal")} -> High BP | K9: 133 | L9: No | M9: =IF(Table1[[#This Row],[Fasting_Blood_Sugar]]="Yes","Diabetic Risk","Normal") -> Normal | N9: LV Hypertrophy | O9: 205 | P9: Yes | Q9: Yes | R9: {=_xlfn.IFS(AND(Table1[[#This Row],[Age]]>=60,Table1[[#This Row],[Heart_Disease]]="Yes"),"High Risk",AND(Table1[[#This Row],[Age]]>=45,Table1[[#This Row],[Age]]<=59,Table1[[#This Row],[Heart_Disease]]="Yes"),"Medium Risk",OR(Table1[[#This Row],[Age]]<45,Table1[[#This Row],[Heart_Disease]]<>"Yes"),"No Risk")} -> Medium Risk | S9: =IFERROR(Table1[[#This Row],[Cholesterol]]/Table1[[#This Row],[Max_Heart_Rate]],"") -> 0.64878049
A10: P1008 | B10: =RIGHT(Table1[[#This Row],[Patient_ID]],4) -> 1008 | C10: 51 | D10: =VLOOKUP(Table1[[#This Row],[Age]],'Lookup & Reference'!$G$2:$H$5,2,1) -> Medium | E10: Male | F10: =_xlfn.CONCAT(LEFT(Table1[[#This Row],[Gender]],1),Table1[[#This Row],[Age]]) -> M51 | G10: Non-anginal | H10: =LEN(Table1[[#This Row],[Chest_Pain_Type]]) -> 11 | I10: 144 | J10: {=_xlfn.IFS(OR(Table1[[#This Row],[Resting_BP]]>140,Table1[[#This Row],[Resting_BP]]=140),"High BP",OR(Table1[[#This Row],[Resting_BP]]>120,Table1[[#This Row],[Resting_BP]]=139),"Pre-High BP",Table1[[#This Row],[Resting_BP]],"Normal")} -> High BP | K10: 197 | L10: No | M10: =IF(Table1[[#This Row],[Fasting_Blood_Sugar]]="Yes","Diabetic Risk","Normal") -> Normal | N10: ST-T Abnormality | O10: 145 | P10: Yes | Q10: Yes | R10: {=_xlfn.IFS(AND(Table1[[#This Row],[Age]]>=60,Table1[[#This Row],[Heart_Disease]]="Yes"),"High Risk",AND(Table1[[#This Row],[Age]]>=45,Table1[[#This Row],[Age]]<=59,Table1[[#This Row],[Heart_Disease]]="Yes"),"Medium Risk",OR(Table1[[#This Row],[Age]]<45,Table1[[#This Row],[Heart_Disease]]<>"Yes"),"No Risk")} -> Medium Risk | S10: =IFERROR(Table1[[#This Row],[Cholesterol]]/Table1[[#This Row],[Max_Heart_Rate]],"") -> 1.3586207
A11: P1009 | B11: =RIGHT(Table1[[#This Row],[Patient_ID]],4) -> 1009 | C11: 39 | D11: =VLOOKUP(Table1[[#This Row],[Age]],'Lookup & Reference'!$G$2:$H$5,2,1) -> Low | E11: Male | F11: =_xlfn.CONCAT(LEFT(Table1[[#This Row],[Gender]],1),Table1[[#This Row],[Age]]) -> M39 | G11: Non-anginal | H11: =LEN(Table1[[#This Row],[Chest_Pain_Type]]) -> 11 | I11: 136 | J11: {=_xlfn.IFS(OR(Table1[[#This Row],[Resting_BP]]>140,Table1[[#This Row],[Resting_BP]]=140),"High BP",OR(Table1[[#This Row],[Resting_BP]]>120,Table1[[#This Row],[Resting_BP]]=139),"Pre-High BP",Table1[[#This Row],[Resting_BP]],"Normal")} -> Pre-High BP | K11: 121 | L11: No | M11: =IF(Table1[[#This Row],[Fasting_Blood_Sugar]]="Yes","Diabetic Risk","Normal") -> Normal | N11: ST-T Abnormality | O11: 165 | P11: Yes | Q11: No | R11: {=_xlfn.IFS(AND(Table1[[#This Row],[Age]]>=60,Table1[[#This Row],[Heart_Disease]]="Yes"),"High Risk",AND(Table1[[#This Row],[Age]]>=45,Table1[[#This Row],[Age]]<=59,Table1[[#This Row],[Heart_Disease]]="Yes"),"Medium Risk",OR(Table1[[#This Row],[Age]]<45,Table1[[#This Row],[Heart_Disease]]<>"Yes"),"No Risk")} -> No Risk | S11: =IFERROR(Table1[[#This Row],[Cholesterol]]/Table1[[#This Row],[Max_Heart_Rate]],"") -> 0.73333333
A12: P1010 | B12: =RIGHT(Table1[[#This Row],[Patient_ID]],4) -> 1010 | C12: 39 | D12: =VLOOKUP(Table1[[#This Row],[Age]],'Lookup & Reference'!$G$2:$H$5,2,1) -> Low | E12: Male | F12: =_xlfn.CONCAT(LEFT(Table1[[#This Row],[Gender]],1),Table1[[#This Row],[Age]]) -> M39 | G12: Asymptomatic | H12: =LEN(Table1[[#This Row],[Chest_Pain_Type]]) -> 12 | I12: 101 | J12: {=_xlfn.IFS(OR(Table1[[#This Row],[Resting_BP]]>140,Table1[[#This Row],[Resting_BP]]=140),"High BP",OR(Table1[[#This Row],[Resting_BP]]>120,Table1[[#This Row],[Resting_BP]]=139),"Pre-High BP",Table1[[#This Row],[Resting_BP]],"Normal")} -> Normal | K12: 238 | L12: No | M12: =IF(Table1[[#This Row],[Fasting_Blood_Sugar]]="Yes","Diabetic Risk","Normal") -> Normal | N12: ST-T Abnormality | O12: 191 | P12: No | Q12: No | R12: {=_xlfn.IFS(AND(Table1[[#This Row],[Age]]>=60,Table1[[#This Row],[Heart_Disease]]="Yes"),"High Risk",AND(Table1[[#This Row],[Age]]>=45,Table1[[#This Row],[Age]]<=59,Table1[[#This Row],[Heart_Disease]]="Yes"),"Medium Risk",OR(Table1[[#This Row],[Age]]<45,Table1[[#This Row],[Heart_Disease]]<>"Yes"),"No Risk")} -> No Risk | S12: =IFERROR(Table1[[#This Row],[Cholesterol]]/Table1[[#This Row],[Max_Heart_Rate]],"") -> 1.2460733
A13: P1011 | B13: =RIGHT(Table1[[#This Row],[Patient_ID]],4) -> 1011 | C13: 52 | D13: =VLOOKUP(Table1[[#This Row],[Age]],'Lookup & Reference'!$G$2:$H$5,2,1) -> Medium | E13: Male | F13: =_xlfn.CONCAT(LEFT(Table1[[#This Row],[Gender]],1),Table1[[#This Row],[Age]]) -> M52 | G13: Typical Angina | H13: =LEN(Table1[[#This Row],[Chest_Pain_Type]]) -> 14 | I13: 151 | J13: {=_xlfn.IFS(OR(Table1[[#This Row],[Resting_BP]]>140,Table1[[#This Row],[Resting_BP]]=140),"High BP",OR(Table1[[#This Row],[Resting_BP]]>120,Table1[[#This Row],[Resting_BP]]=139),"Pre-High BP",Table1[[#This Row],[Resting_BP]],"Normal")} -> High BP | K13: 156 | L13: Yes | M13: =IF(Table1[[#This Row],[Fasting_Blood_Sugar]]="Yes","Diabetic Risk","Normal") -> Diabetic Risk | N13: LV Hypertrophy | O13: 154 | P13: No | Q13: Yes | R13: {=_xlfn.IFS(AND(Table1[[#This Row],[Age]]>=60,Table1[[#This Row],[Heart_Disease]]="Yes"),"High Risk",AND(Table1[[#This Row],[Age]]>=45,Table1[[#This Row],[Age]]<=59,Table1[[#This Row],[Heart_Disease]]="Yes"),"Medium Risk",OR(Table1[[#This Row],[Age]]<45,Table1[[#This Row],[Heart_Disease]]<>"Yes"),"No Risk")} -> Medium Risk | S13: =IFERROR(Table1[[#This Row],[Cholesterol]]/Table1[[#This Row],[Max_Heart_Rate]],"") -> 1.012987
... A601: P1599 | B601: =RIGHT(Table1[[#This Row],[Patient_ID]],4) -> 1599 | C601: 60 | D601: =VLOOKUP(Table1[[#This Row],[Age]],'Lookup & Reference'!$G$2:$H$5,2,1) -> High | E601: Female | F601: =_xlfn.CONCAT(LEFT(Table1[[#This Row],[Gender]],1),Table1[[#This Row],[Age]]) -> F60 | G601: Asymptomatic | H601: =LEN(Table1[[#This Row],[Chest_Pain_Type]]) -> 12 | I601: 188 | J601: {=_xlfn.IFS(OR(Table1[[#This Row],[Resting_BP]]>140,Table1[[#This Row],[Resting_BP]]=140),"High BP",OR(Table1[[#This Row],[Resting_BP]]>120,Table1[[#This Row],[Resting_BP]]=139),"Pre-High BP",Table1[[#This Row],[Resting_BP]],"Normal")} -> High BP | K601: 345 | L601: No | M601: =IF(Table1[[#This Row],[Fasting_Blood_Sugar]]="Yes","Diabetic Risk","Normal") -> Normal | N601: Normal | O601: 209 | P601: No | Q601: Yes | R601: {=_xlfn.IFS(AND(Table1[[#This Row],[Age]]>=60,Table1[[#This Row],[Heart_Disease]]="Yes"),"High Risk",AND(Table1[[#This Row],[Age]]>=45,Table1[[#This Row],[Age]]<=59,Table1[[#This Row],[Heart_Disease]]="Yes"),"Medium Risk",OR(Table1[[#This Row],[Age]]<45,Table1[[#This Row],[Heart_Disease]]<>"Yes"),"No Risk")} -> High Risk | S601: =IFERROR(Table1[[#This Row],[Cholesterol]]/Table1[[#This Row],[Max_Heart_Rate]],"") -> 1.6507177
B602: =RIGHT(Table1[[#This Row],[Patient_ID]],4) | D602: =VLOOKUP(Table1[[#This Row],[Age]],'Lookup & Reference'!$G$2:$H$5,2,1) -> #N/A | F602: =_xlfn.CONCAT(LEFT(Table1[[#This Row],[Gender]],1),Table1[[#This Row],[Age]]) | H602: =LEN(Table1[[#This Row],[Chest_Pain_Type]]) -> 0 | M602: =IF(Table1[[#This Row],[Fasting_Blood_Sugar]]="Yes","Diabetic Risk","Normal") -> Normal | R602: {=_xlfn.IFS(AND(Table1[[#This Row],[Age]]>=60,Table1[[#This Row],[Heart_Disease]]="Yes"),"High Risk",AND(Table1[[#This Row],[Age]]>=45,Table1[[#This Row],[Age]]<=59,Table1[[#This Row],[Heart_Disease]]="Yes"),"Medium Risk",OR(Table1[[#This Row],[Age]]<45,Table1[[#This Row],[Heart_Disease]]<>"Yes"),"No Risk")} -> No Risk | S602: =IFERROR(Table1[[#This Row],[Cholesterol]]/Table1[[#This Row],[Max_Heart_Rate]],"")
B603: =RIGHT(Table1[[#This Row],[Patient_ID]],4) | D603: =VLOOKUP(Table1[[#This Row],[Age]],'Lookup & Reference'!$G$2:$H$5,2,1) -> #N/A | F603: =_xlfn.CONCAT(LEFT(Table1[[#This Row],[Gender]],1),Table1[[#This Row],[Age]]) | H603: =LEN(Table1[[#This Row],[Chest_Pain_Type]]) -> 0 | M603: =IF(Table1[[#This Row],[Fasting_Blood_Sugar]]="Yes","Diabetic Risk","Normal") -> Normal | R603: {=_xlfn.IFS(AND(Table1[[#This Row],[Age]]>=60,Table1[[#This Row],[Heart_Disease]]="Yes"),"High Risk",AND(Table1[[#This Row],[Age]]>=45,Table1[[#This Row],[Age]]<=59,Table1[[#This Row],[Heart_Disease]]="Yes"),"Medium Risk",OR(Table1[[#This Row],[Age]]<45,Table1[[#This Row],[Heart_Disease]]<>"Yes"),"No Risk")} -> No Risk | S603: =IFERROR(Table1[[#This Row],[Cholesterol]]/Table1[[#This Row],[Max_Heart_Rate]],"")
B604: =RIGHT(Table1[[#This Row],[Patient_ID]],4) | D604: =VLOOKUP(Table1[[#This Row],[Age]],'Lookup & Reference'!$G$2:$H$5,2,1) -> #N/A | F604: =_xlfn.CONCAT(LEFT(Table1[[#This Row],[Gender]],1),Table1[[#This Row],[Age]]) | H604: =LEN(Table1[[#This Row],[Chest_Pain_Type]]) -> 0 | M604: =IF(Table1[[#This Row],[Fasting_Blood_Sugar]]="Yes","Diabetic Risk","Normal") -> Normal | R604: {=_xlfn.IFS(AND(Table1[[#This Row],[Age]]>=60,Table1[[#This Row],[Heart_Disease]]="Yes"),"High Risk",AND(Table1[[#This Row],[Age]]>=45,Table1[[#This Row],[Age]]<=59,Table1[[#This Row],[Heart_Disease]]="Yes"),"Medium Risk",OR(Table1[[#This Row],[Age]]<45,Table1[[#This Row],[Heart_Disease]]<>"Yes"),"No Risk")} -> No Risk | S604: =IFERROR(Table1[[#This Row],[Cholesterol]]/Table1[[#This Row],[Max_Heart_Rate]],"")

Sheet Data Cleaning & Preparation
B2: Q1. Convert Gender, Chest_Pain_Type, and Resting_ECG into Proper Case.
B4: Q2. Check if there are duplicate Patient_IDs.
D5: If found, remove them.
B6: Q3. Create a new column BP_Status:
D7: Resting_BP ≥ 140 → High BP
D8: Resting_BP between 120–139 → Pre-High BP
D9: Else → Normal
B11: Q4. Highlight patients with:
C12: Cholesterol > 240 (Red)
C13: Resting_BP > 160 (Orange)

Sheet Core Excel Functions
B2: Q1. Find the total number of patients having heart disease.
C4: No.of Patients with Heart-Disease | D4: =COUNTIF(Dataset!Q2:$Q$601,"Yes") -> 314
B8: Q2. Find the number of male and female patients with heart disease.
D9: Gender | E9: Count
D10: {=_xlfn.UNIQUE(Dataset!$E$2:$E$601)} -> Female | E10: =COUNTIFS(Dataset!$E$2:$E$601,$D10,Dataset!$Q$2:$Q$601,"Yes") -> 149
D11: Male | E11: =COUNTIFS(Dataset!$E$2:$E$601,$D11,Dataset!$Q$2:$Q$601,"Yes") -> 165
B13: Q3. Calculate average cholesterol for:
D14: Patients with Heart Disease = Yes
D15: Patients with Heart Disease = No
D17: Heart Disease | E17: Avg Cholestrol
D18: Yes | E18: =AVERAGEIFS(Dataset!$K$2:$K$601,Dataset!$Q$2:$Q$601,$D18) -> 231.9586
D19: No | E19: =AVERAGEIFS(Dataset!$K$2:$K$601,Dataset!$Q$2:$Q$601,$D19) -> 232.41259
B21: Q4. Find the average max heart rate by Gender.
D23: Gender | E23: Max_Heart_Rate
D24: {=_xlfn.UNIQUE(Dataset!E2:E601)} -> Female | E24: =AVERAGEIF(Dataset!$E$2:$E$601,$D24,Dataset!$O$2:$O$601) -> 149.87719
D25: Male | E25: =AVERAGEIF(Dataset!$E$2:$E$601,$D25,Dataset!$O$2:$O$601) -> 146.84444
B27: Q5. Count patients who:
D28: Age > 50
D29: Heart Disease = Yes
D30: Exercise Induced Angina = Yes
D31: =COUNTIFS(Dataset!$C$2:$C$601,">50",Dataset!$Q$2:$Q$601,"Yes",Dataset!$P$2:$P$601,"Yes") -> 93

Sheet Logical & Business Logic
B2: Q1. Create Risk_Level column:
D3: Age ≥ 60 AND Heart Disease = Yes → High Risk
D4: Age between 45–59 AND Heart Disease = Yes → Medium Risk
D5: Else → Low Risk
B6: Q2. Create Sugar_Risk column:
D7: Fasting Blood Sugar = Yes → Diabetic Risk
D8: Else → Normal
B9: Q3. Use IFERROR() to safely calculate:
D10: risk_score = cholestrol/max_heart_rate

Sheet Text Functions
B2: Q1. Extract only the numeric part from Patient_ID
D3: Example: P1045 → 1045
B5: Q2. Create Patient_Code:
C6: First letter of Gender + Age
C7: Example: Male, 55 → M55
B9: Q3. Find the length of Chest_Pain_Type text.

Sheet Lookup & Reference
B2: Age_Range | C2: Risk_Category | G2: Min_Age | H2: Risk_Category
B3: 30-44 | C3: Low | G3: 30 | H3: Low
B4: 45-59 | C4: Medium | G4: 45 | H4: Medium
B5: 60-80 | C5: High | G5: 60 | H5: High
B7: Q1. Using VLOOKUP / XLOOKUP, assign Age_Risk_Category to each patient.
B9: Q2. Use INDEX + MATCH to fetch Risk_Category for Age = 52.
B11: Age | C11: 52
B12: Age_Risk_Category | C12: =INDEX(Dataset!$A$1:$S$601,MATCH($C$11,Dataset!$C$1:$C$601,0),MATCH($B$12,Dataset!$A$1:$S$1,0)) -> Medium
C13: Index & Match

Sheet Pivot Tables
B2: Q1. Create a pivot table showing:
C3: Heart Disease count by Gender
B5: Gender | C5: Heart_Diseases
B6: Female | C6: 285
B7: Male | C7: 315
B8: Grand Total | C8: 600
B10: Q2. Create a pivot:
C11: Average Cholesterol by Chest_Pain_Type
B13: Chest Pain Type | C13: Avg Cholesterol
B14: Asymptomatic | C14: 234.06767
B15: Atypical Angina | C15: 226.81818
B16: Non-anginal | C16: 238.32051
B17: Typical Angina | C17: 229.71975
B18: Grand Total | C18: 232.175
B20: Q3.Create a pivot:
C21: Heart Disease % by Age Group
C22: (Age groups: 30–44, 45–59, 60+)
B24: Age | C24: % of Heart Disease
B25: <30 | C25: 0.023333333
B26: 30-44 | C26: 0.26666667
B27: 45-60 | C27: 0.31833333
B28: >60 | C28: 0.39166667
B29: Grand Total | C29: 1
B32: Q4. Identify Top 5 highest cholesterol patients.
B34: Patients | C34: Cholesteroll
B35: 1444 | C35: 349
B36: 1030 | C36: 348
B37: 1422 | C37: 348
B38: 1069 | C38: 348
B39: 1095 | C39: 348
B40: Grand Total | C40: 1741
B42: Q5. Find which Chest Pain Type has the highest heart disease rate.
B44: Chest Pain | C44: Heart_Diseases
B45: Typical Angina | C45: 157
B46: Grand Total | C46: 157
B49: Create a 1-page dashboard answering:
B51: Who is at highest risk?
B53: Which age group is most affected?
B55: Does gender matter?
B57: Impact of cholesterol & BP

Sheet Dashboards
